ID do vídeo,Carimbo de data/hora da criação do vídeo da playlist
dc_vie35T3c,2023-01-07T18:18:50+00:00
Mz0vBh9jPyw,2023-01-07T18:23:05+00:00
6VJw7v-vQmA,2023-01-07T18:23:49+00:00
TnmxfOSwa7Q,2023-01-07T18:24:01+00:00
Q7hkEPG-hkg,2023-01-07T18:25:05+00:00
ZTgwbVR19PA,2023-01-07T18:25:27+00:00
LqdVDQUPNeI,2023-01-07T18:29:55+00:00
jZbqFnAc3AA,2023-01-07T18:32:36+00:00
pkf0yoLsjgs,2023-01-07T18:33:45+00:00
5Hdp3Rv13c4,2023-01-07T18:34:40+00:00
LJ5rpyYOCFg,2023-01-07T18:35:08+00:00
QlU188oiKrQ,2023-01-07T18:36:08+00:00
7w2KNRiC6Pw,2023-01-07T18:36:44+00:00
A4iCiHgWEkM,2023-01-07T18:37:02+00:00
sQdf1W46uLs,2023-01-07T18:37:27+00:00
JR0gZARSgxE,2023-01-07T18:39:26+00:00
zb2CVEEQdSM,2023-01-07T18:40:51+00:00
UTPMpgImPJg,2023-01-07T18:42:21+00:00
BgdK1-G6wPY,2023-01-07T18:42:44+00:00
UxbXWeGZW70,2023-01-07T18:43:40+00:00
nGQh-2sj8Oo,2023-01-07T18:44:15+00:00
aoJ1zBQu2kk,2023-01-07T18:45:09+00:00
T0dPGK8XEmY,2023-02-05T15:49:34+00:00
6IoAp1f3tVk,2023-05-13T06:07:02+00:00
CTsL2ygY0-c,2023-05-13T06:09:30+00:00
0Op5aVHfyyg,2023-05-13T06:10:00+00:00
cAbHwCWJAG4,2023-05-13T06:17:34+00:00
WUMgIDPl4TY,2023-05-13T06:18:32+00:00
IYD1fggUz_U,2023-05-13T06:19:48+00:00
Wjb2NvEUvIE,2023-05-13T06:38:30+00:00
DTK-Bg_OFMY,2023-05-13T06:43:48+00:00
D7DN6Xf1240,2023-05-13T06:43:57+00:00
1E2KsDO8nrk,2023-05-13T07:12:12+00:00
0PTuyqWq2Rs,2023-05-13T07:26:01+00:00
1oNLY1B-xtE,2023-05-13T07:30:13+00:00
YsXTAm1PBl0,2023-05-13T07:57:01+00:00
EiDIvT3d6_k,2023-05-21T06:21:53+00:00
hjPnngIFubA,2023-05-21T18:35:02+00:00
KazwqfoMRGk,2023-05-21T18:35:14+00:00
I8xQhG5l8E4,2023-05-21T18:35:25+00:00
BLJ92EVeSN0,2023-05-21T18:35:53+00:00
ssF_dP7C_eE,2023-05-21T18:36:16+00:00
2hjr5YcPGQg,2023-05-21T18:37:49+00:00
5E0chUvmEYs,2023-05-22T20:55:25+00:00
eddlccpCnmo,2023-05-22T20:55:40+00:00
K6vwE5F2ayg,2023-05-22T20:55:59+00:00
sTNFj7CfK8k,2023-05-22T20:56:13+00:00
7NO4oT0jy7A,2023-05-22T20:56:37+00:00
pMuGUmag2zk,2023-05-22T20:56:47+00:00
ki0OFiqA7lw,2023-05-22T20:57:15+00:00
67a9Q2TQrEE,2023-05-22T20:57:36+00:00
exORbMp88sY,2023-05-22T20:58:52+00:00
ky808yn885A,2023-06-04T14:10:54+00:00
lwDjfOa5Uko,2023-06-17T16:44:20+00:00
sJMT8EPJN1k,2023-06-17T16:45:33+00:00
5pXCA4uW6LM,2023-06-18T16:37:39+00:00
wp2J_EnjS0M,2023-06-18T16:38:11+00:00
ua5qH6ZnXIQ,2023-06-19T19:08:49+00:00
gb8zCKBTC9c,2023-06-20T12:50:25+00:00
anDAtWrhDnE,2023-06-20T12:53:20+00:00
qJrAzp32Tbo,2023-06-21T18:34:27+00:00
v-XhKfSXh8s,2023-06-21T18:34:34+00:00
0WUbG0it4eg,2023-06-21T18:34:49+00:00
eyjSbu8NAlU,2023-06-21T18:34:56+00:00
Ia3Nz5noDss,2023-06-21T18:35:20+00:00
GDp1sGoIigY,2023-06-21T19:17:53+00:00
VPpT-8z7kfg,2023-11-17T18:54:31+00:00
yMFg02Ia3Kg,2023-12-21T00:12:08+00:00
M2hU1AH44Lw,2023-12-24T22:03:38+00:00
i-9SfqNJTgw,2023-12-24T22:23:26+00:00
3Ere2dCXv_U,2023-12-24T22:24:08+00:00
r4wyzrBZPO8,2023-12-24T22:24:37+00:00
pqjlfB7PrOk,2023-12-24T22:24:48+00:00
dAB5pdyZq28,2023-12-24T22:24:56+00:00
8CY2vEPy-Tk,2023-12-24T22:25:26+00:00
Sx-xfVERARg,2023-12-24T22:26:22+00:00
BVLD1f6YyKo,2023-12-24T22:26:59+00:00
_o2zRUAGIRE,2023-12-31T00:24:14+00:00
JdnIe6_SwvY,2024-01-05T19:56:54+00:00
JeMZ2F6F2Co,2024-02-24T13:09:59+00:00
QYJdbTrpdHI,2024-04-17T01:06:58+00:00
phnubDm0W2I,2025-05-27T22:13:40+00:00
qsFLcSoxDAk,2025-05-30T09:48:15+00:00
YW3WacOMtxs,2025-05-30T09:49:08+00:00
YSQ6yzcsjH8,2025-05-30T20:46:16+00:00
SZ5GjngWesA,2025-05-30T20:46:26+00:00
GZvRKN5Urjs,2025-05-30T20:46:31+00:00
xEmJqrSQJYU,2025-05-30T20:46:37+00:00
QGVHclDVpc0,2025-05-30T20:46:42+00:00
9FehTLFAMkc,2025-05-30T20:46:48+00:00
oSxcMFj_V6s,2025-05-30T20:46:54+00:00
w_gmI54boEk,2025-05-30T20:47:00+00:00
WJDs-fLAIHU,2025-05-30T20:47:05+00:00
h4uqWqPuQTk,2025-05-30T20:47:13+00:00
87PMz2ax4jA,2025-05-30T20:47:20+00:00
j81yY-B89Nw,2025-05-30T20:47:29+00:00
1Nkpi5mbAp0,2025-05-30T20:47:35+00:00
VLwmr8zteb4,2025-05-30T20:47:39+00:00
ZpagVrysM-M,2025-05-30T20:47:45+00:00
Jo-6TTQMtaI,2025-05-30T20:48:26+00:00
YiD0EUh5tjY,2025-05-30T20:48:37+00:00
2AGf5Rg2oe4,2025-05-30T20:48:50+00:00
hcKau7-Paww,2025-05-30T20:49:06+00:00
UPbWBwhATiI,2025-05-30T20:49:28+00:00
byFfRMpaEtM,2025-06-02T12:15:29+00:00
B7W0XfJabes,2025-06-02T12:45:39+00:00
HQPumd5OKNQ,2025-06-02T12:48:38+00:00
DFpEWATDego,2025-06-02T18:41:38+00:00
Tbsfbqe_aOY,2025-06-02T19:48:57+00:00
pT96VrqZohc,2025-06-02T19:49:20+00:00
7RjLNBeI4zo,2025-06-03T02:00:01+00:00
x2gf-UUiEL0,2025-06-03T02:01:47+00:00
d1-gOXoOGzI,2025-06-03T02:07:04+00:00
sWY_t7jJX2I,2025-06-04T16:35:39+00:00
FCnx30f0Vk8,2025-06-11T13:57:13+00:00
5IybadmGPtM,2025-06-11T14:01:48+00:00
BYjhJTXs65Y,2025-06-14T04:17:41+00:00
iMFEOUrpIa4,2025-06-14T04:18:49+00:00





